Batch,Time,Accuracy
649.0,8.545878171920776,0.8698076923076923
