Batch,Time,Accuracy
649.0,170.3165910243988,0.8717307692307692
