Batch,Time,Accuracy
649.0,398.21107959747314,0.8715865384615384
