Batch,Time,Accuracy
649.0,396.57115602493286,0.8715865384615384
