Batch,Time,Accuracy
649.0,13.091270446777344,0.7938461538461539
