Batch,Time,Accuracy
649.0,8.445108890533447,0.8717307692307692
